"TIME [h]","CP [mg/l]"
0.1666667,2.79
0.3333333,2.01
0.5833333,3.75
0.8333333,4.05
1.001667,2.14
1.168333,1.64
1.485,0.665
1.718333,0.833
1.918333,0.718
2.551667,0.487
