"TIME [h]","CP [mg/l]"
0.1666667,2.9
0.3333333,3.29
0.5833333,2.86
0.8333333,1.66
1.083333,2.15
1.333333,1.77
1.561667,1.23
1.728333,1.02
1.978333,0.62
2.228333,0.449
2.478333,0.466
2.978333,0.311
3.478333,0.292
