"TIME [h]","CP [mg/l]"
0.1666667,3.01
0.25,2.61
0.3333333,3.05
0.92,1.38
1.086667,0.797
1.336667,0.533
1.586667,0.523
1.903333,0.297
2.07,0.302
2.903333,0.204
4.836667,0.129
6.836667,0.0467
