"TIME [h]","CP [mg/l]"
0.025,2.89
0.05,1.97
0.08333334,1.58
0.15,1.16
0.2,0.612
0.25,0.72
0.3333333,0.546
0.4833333,0.394
0.7166666,0.313
0.9833333,0.273
1.483333,0.198
2.15,0.0713
