"TIME [h]","CP [mg/l]"
0.1666667,4.29
0.25,3.35
0.3333333,4.34
0.5,3.4
0.75,2.84
1.433333,2.65
1.6,1.74
1.8,1.33
2.05,0.885
2.3,0.689
2.8,0.413
3.3,0.277
