"TIME [h]","CP [mg/l]"
0.1666667,2.13
0.25,1.65
0.3333333,2.87
0.5,1.77
0.75,1.66
1,1.48
1.25,1.27
3.705,0.801
3.871667,0.65
4.121667,0.493
4.371666,0.377
4.621666,0.341
5.121666,0.276
5.561667,0.201
