"TIME [h]","CP [mg/l]"
0.1666667,2.12
0.3333333,1.45
0.5833333,2.09
0.8333333,2.21
1.083333,2.63
1.333333,2.39
1.583333,2.37
1.833333,2.64
2.546667,1.96
2.713333,1.71
2.963333,1.21
3.296667,0.867
3.963333,0.594
