"TIME [h]","CP [mg/l]"
0.04166667,4.2
0.05,2.51
0.08333334,1.61
0.1166667,1.52
0.15,1.06
0.2,0.74
0.25,0.549
0.3333333,0.401
0.5,0.342
0.75,0.456
1,0.33
1.5,0.141
2,0.0325
