"TIME [h]","CP [mg/l]"
0.1666667,2.37
0.3333333,2.79
0.5833333,2.97
0.8333333,2.7
1.083333,2.72
1.333333,2.38
1.643333,0.989
1.86,0.867
2.11,0.501
2.36,0.456
2.56,0.312
3.06,0.286
