"TIME [h]","CP [mg/l]"
0.025,5.83
0.06666667,0.692
0.1,1.02
0.15,0.64
0.2166667,0.301
0.25,0.352
0.3333333,0.317
0.5,0.282
0.7166666,0.22
1.033333,0.214
1.5,0.0931
2,0.0594
2.633333,0.0534
