"TIME [h]","CP [mg/l]"
0.1666667,4.4
0.25,2.48
0.3333333,4.06
0.5,2.71
0.75,2.86
1,1.89
1.25,2.45
1.5,2.67
2.216667,1.23
2.383333,1.39
2.633333,0.992
2.883333,0.761
3.133333,0.803
3.633333,0.477
4.133333,0.328
6.133333,0.21
8.133333,0.142
