"TIME [h]","CP [mg/l]"
0.2333333,2.3
0.25,1.97
0.3333333,2.15
0.5333334,2.14
0.75,1.95
1,1.88
1.25,1.76
1.5,2.12
3.535,2.25
3.701667,0.957
3.951667,0.877
4.201667,0.726
4.451667,0.651
4.951667,0.375
5.535,0.499
