"TIME [h]","CP [mg/l]"
0.2666667,2.98
0.3333333,2.91
0.5833333,3.63
0.8333333,3.53
1.083333,3.29
1.308333,1.77
1.558333,0.96
1.725,0.635
1.975,0.738
2.225,0.437
2.725,0.329
3.225,0.387
