"TIME [h]","CP [mg/l]"
0.2333333,2.33
0.25,3.89
0.3333333,2.61
0.5,3.02
0.75,1.98
1.456667,1.35
1.673333,1.31
1.873333,0.727
2.123333,0.567
2.406667,0.46
2.94,0.214
3.373333,0.241
