"TIME [h]","CP [mg/l]"
0.2,3.02
0.25,2.6
0.3666667,3.83
0.5,2.84
0.75,2.78
1,2.47
1.82,1.29
1.986667,2.01
2.236667,1.14
2.486667,0.867
2.736667,0.578
3.236667,0.433
