"TIME [h]","CP [mg/l]"
0.025,4.38
0.08333334,1.56
0.1166667,1.2
0.15,0.842
0.2,0.685
0.25,0.487
0.3333333,0.399
0.5,0.26
0.75,0.242
1,0.177
1.5,0.099
2,0.104
2.5,0.0638
