"TIME [h]","CP [mg/l]"
0.1666667,2.3
0.25,1.57
0.3333333,2.88
0.9,0.739
1.316667,0.406
1.566667,0.37
