"TIME [h]","CP [mg/l]"
0.1833333,2.48
0.3333333,3.12
0.5833333,2.59
1.083333,2.53
1.333333,2.4
1.583333,2.29
1.833333,2.59
2.601667,1.37
2.768333,1.62
2.985,1.28
3.268333,0.789
3.518333,0.705
4.018333,0.416
4.518333,0.307
6.518333,0.214
8.518333,0.158
