"TIME [h]","CP [mg/l]"
0.025,3.75
0.05,1.68
0.08333334,1.79
0.1166667,1.31
0.15,1.31
0.2,0.886
0.25,0.59
0.3333333,0.645
0.5,0.287
0.75,0.176
1,0.103
1.5,0.111
2,0.109
2.5,0.097
