"TIME [h]","CP [mg/l]"
0.1666667,2.3
0.3333333,2.71
0.5833333,2.97
0.8333333,3.13
1.083333,3.39
1.33,1.41
1.496667,0.643
