"TIME [h]","CP [mg/l]"
0.025,2.38
0.05,3.81
0.08333334,1.54
0.1166667,1.53
0.15,1.29
0.2,1.09
0.25,0.882
0.3333333,0.709
0.5,0.404
0.75,0.299
1,0.173
1.5,0.152
2,0.0539
2.5,0.0504
