"TIME [h]","CP [mg/l]"
0.1666667,3.43
0.3333333,4.84
0.5833333,2.44
0.8333333,2.1
1.083333,2.45
1.416667,1.66
1.583333,1.09
1.833333,0.351
2.083333,0.437
2.333333,0.38
2.833333,0.286
3.333333,0.29
