"TIME [h]","CP [mg/l]"
0.1666667,2.82
0.25,2.63
0.3333333,2.82
0.5,2.47
1.348333,1.6
1.515,1.42
1.765,0.949
2.015,0.818
2.265,0.124
2.765,0.297
