"TIME [h]","CP [mg/l]"
0.025,2.27
0.05,1.34
0.09166667,1.02
0.1166667,0.938
0.15,0.795
0.2,0.712
0.35,0.666
0.5166667,0.357
0.7666667,0.278
1,0.245
1.5,0.172
2,0.0911
2.5,0.105
3,0.07
