"TIME [h]","CP [mg/l]"
0.1666667,2.93
0.3333333,2.58
0.5833333,1.87
0.6966667,0.474
0.8633333,0.473
