"TIME [h]","CP [mg/l]"
0.08333334,2.62
0.1666667,2.73
0.25,2.42
0.3333333,3.07
0.5,2.39
0.8333333,2.16
1,2.13
1.25,2
2.15,0.947
2.283333,0.822
2.533333,0.883
2.816667,0.525
