"TIME [h]","CP [mg/l]"
0.1666667,0.991
0.3333333,1.75
0.5833333,3.04
0.8333333,2.63
1.083333,2.98
1.333333,3.16
1.478333,1.21
1.645,0.658
1.895,1.03
2.145,0.721
2.895,0.0954
3.395,0.443
