"TIME [h]","CP [mg/l]"
0.025,9.96
0.05,2.09
0.1,1.48
0.1166667,1
0.15,0.909
0.2,0.773
0.25,0.544
0.3333333,0.441
0.5,0.28
0.75,0.248
1,0.194
1.466667,0.226
1.983333,0.115
3,0.0621
