"TIME [h]","CP [mg/l]"
0.1666667,2.6
0.4166667,2.69
0.5833333,1.83
0.8333333,2
1.083333,2.35
1.33,1.2
1.496667,1.1
1.746667,0.69
1.996667,0.522
2.246667,0.418
