"TIME [h]","CP [mg/l]"
0.1666667,1.85
0.3333333,4.71
0.5833333,2.72
0.8333333,3.06
1.083333,3.71
1.333333,3.66
1.503333,2.91
1.67,2.31
1.92,1.34
2.17,1.27
2.42,0.746
2.92,0.51
3.42,0.341
