"TIME [h]","CP [mg/l]"
0.1666667,3.06
0.25,1.73
0.3333333,4.12
0.5,2.71
0.75,2.48
1.405,1.01
