"TIME [h]","CP [mg/l]"
0.025,2.15
0.08333334,1.41
0.1166667,1.69
0.2,1.08
0.25,0.793
0.3333333,0.626
0.5,0.38
0.75,0.24
1,0.226
1.5,0.115
2,0.129
2.5,0.0753
