"TIME [h]","CP [mg/l]"
0.1666667,2.3
0.25,2.61
0.3333333,2.65
0.45,2.4
0.75,2.22
1,2.43
1.25,2.71
1.5,2.94
3.273333,1.8
3.64,1.2
3.94,0.787
4.19,0.526
4.69,0.433
5.19,0.456
7.19,0.328
9.190001,0.28
