"TIME [h]","CP [mg/l]"
0.2,2.34
0.3333333,3.06
0.65,2.66
0.8333333,2.39
1.166667,3.18
1.333333,3.06
1.666667,2.62
1.966667,2.19
4.563333,1.61
4.73,1.26
5.063333,1.14
5.23,0.798
5.48,0.829
5.98,0.495
6.48,1.01
