"TIME [h]","CP [mg/l]"
0.1666667,4.21
0.25,2.25
0.3333333,3.44
0.3666667,2.18
1,1.12
1.25,0.532
1.416667,0.634
1.666667,0.423
2,0.337
