"TIME [h]","CP [mg/l]"
0.025,3.88
0.05,2.72
0.08333334,3.89
0.1166667,1.81
0.15,1.41
0.2,1.43
0.25,1.06
0.3333333,0.714
0.5,0.586
0.75,0.256
1,0.14
