"TIME [h]","CP [mg/l]"
0.1666667,2.83
0.25,3.1
0.3333333,2.93
0.5,3.19
0.75,3.07
1,2.35
1.25,2.39
1.5,2.52
2.586667,1.41
2.753333,0.9829999
3.003333,1.06
3.253333,0.864
3.503333,0.663
4.003333,0.6149999
4.503334,0.403
6.503334,0.272
8.503333,0.199
