"TIME [h]","CP [mg/l]"
0.1666667,3.29
0.3333333,3.46
0.5833333,3.92
0.8833333,3.97
1.083333,4.48
1.333333,4.87
1.505,2.34
1.671667,2.18
1.921667,1.4
2.171667,0.822
2.421667,0.978
2.921667,0.885
3.421667,0.476
