"TIME [h]","CP [mg/l]"
0.2,2.02
0.3333333,1.78
0.5833333,1.89
0.8333333,2.01
1.23,1.24
1.396667,0.801
1.646667,0.884
1.896667,0.497
2.146667,0.372
2.646667,0.19
3.146667,0.126
5.146667,0.113
