"TIME [h]","CP [mg/l]"
0.025,2.45
0.05,2.02
0.08333334,1.74
0.1166667,1.56
0.15,1.08
0.2,0.904
0.25,0.769
0.3333333,0.633
0.5,0.404
0.75,0.298
1,0.238
1.5,0.144
2,0.115
2.5,0.0962
2.666667,0.0866
3,0.0717
3.5,0.0684
4,0.0584
