"TIME [h]","CP [mg/l]"
0.1666667,3.63
0.25,3.29
0.3333333,3.23
0.5,2.42
1.283333,1.3
1.616667,0.721
1.95,0.636
2.2,0.49
2.7,0.344
3.2,0.28
