"TIME [h]","CP [mg/l]"
0.025,2.78
0.05,1.71
0.08333334,1.47
0.1166667,1.01
0.15,0.959
0.2,0.691
0.2333333,0.579
0.3333333,0.484
0.5,0.296
0.75,0.278
1,0.223
1.5,0.135
2,0.13
2.5,0.08939999
