"TIME [h]","CP [mg/l]"
0.01666667,4.56
0.03333334,2.2
0.06666667,1.73
0.1,1.11
0.1333333,0.881
0.1833333,0.703
0.2333333,0.626
0.3166667,0.571
0.4833333,0.311
1.5,0.0731
2,0.0761
