"TIME [h]","CP [mg/l]"
0,0
0.008333334,15
0.01666667,5.3
0.03333334,1.79
0.05,1.24
0.06666667,0.925
0.08333334,0.817
