"TIME [h]","CP [mg/l]"
0,0
0.008333334,9.68
0.01666667,4.65
0.03333334,2.49
0.06666667,1.38
0.08333334,1.12
