"TIME [h]","CP [mg/l]"
0,0
0.008333334,6.83
0.01666667,2.67
0.03333334,1.35
0.05,1.04
0.06666667,1.17
0.08333334,1.03
