"TIME [h]","CP [mg/l]"
0,0
0.008333334,23.5
0.01666667,5.58
0.03333334,2.55
0.05,1.57
0.06666667,1.31
0.08333334,1.2
