"TIME [h]","CP [mg/l]"
0,0
0.008333334,26.2
0.01666667,5.36
0.03333334,2.22
0.05,1.64
0.06666667,1.48
0.08333334,1.33
