"TIME [h]","CP [mg/l]"
0,0
0.008333334,10.2
0.01666667,4.46
0.03333334,2.39
0.05,1.67
0.06666667,1.44
0.08333334,1.15
