"TIME [h]","CP [mg/l]"
0,0
0.008333334,14.9
0.01666667,9.669999
0.03333334,2.46
0.05,1.69
0.06666667,1.11
0.08333334,0.927
