"TIME [h]","CP [mg/l]"
0,0
0.008333334,20
0.01666667,7.73
0.03333334,3.6
0.05,3.04
0.06666667,1.59
0.08333334,1.67
