"TIME [h]","CP [mg/l]"
0,0
0.008333334,6.11
0.01666667,3.19
0.03333334,2.45
0.05,1.97
0.06666667,1.89
0.08333334,1.6
