"TIME [h]","CP [mg/l]"
0,0
0.008333334,8.28
0.01666667,4.36
0.03333334,1.64
0.05,1.04
0.06666667,0.985
0.08333334,0.831
