"TIME [h]","CP [mg/l]"
0,0
0.0335,3.21
0.06716667,1.08
0.1335,0.438
0.2666667,0.183
0.5,0.105
0.993,0.066
1,0
1.033333,0.174
1.066833,0.365
1.133167,0.444
1.266167,0.522
1.5,0.687
1.991167,0.363
2.033833,0.484
2.067167,0.296
2.1335,0.222
2.267,0.19
2.500333,0.131
3,0.137
3.999167,0.0744
5.001167,0.0338
9.875,0.028
