"TIME [h]","CP [mg/l]"
0,0
0.033,2.02
0.06633333,0.877
0.1331667,0.328
0.2666667,0.119
0.5,0.0958
0.9921666,0.0716
1,0
1.0335,0.664
1.066667,0.829
1.1335,0.84
1.266333,0.985
1.499667,0.984
1.992833,1.09
2.033833,0.407
2.066833,0.343
2.133167,0.241
2.266167,0.206
2.4995,0.112
3.001333,0.101
4.016667,0.062
5,0.0502
9.926333,0.035
