"TIME [h]","CP [mg/l]"
0,0
0.0335,2
0.0675,0.593
0.1328333,0.363
0.2666667,0.161
0.5,0.101
0.9925,0.0728
1,0
1.033333,2.66
1.067167,3.56
1.133167,4.63
1.266333,4.36
1.5,4.4
1.992833,3.89
2.031833,1.65
2.066833,1.4
2.133167,1.04
2.266667,0.767
2.5,0.563
3,0.408
4,0.257
5.002167,0.158
9.875,0.119
