"TIME  [h]","CP [mg/l]"
0,0
0.025,4.89
0.05,2.19
0.08333334,2.42
0.1166667,2
0.15,1.6
0.2,1.24
0.25,1.12
0.3333333,0.858
0.5,0.9220001
0.75,0.464
1,0.301
1.5,0.293
2,0.201
2.5,0.139
