"TIME  [h]","CP [mg/l]"
0,0
0.03333334,5.98
0.05,3.16
0.08333334,2
0.1166667,1.37
0.25,0.536
0.3333333,0.356
0.5,0.292
1,0.206
