"TIME  [h]","CP [mg/l]"
0,0
0.05,3
0.08333334,1.54
0.1166667,1.17
0.15,0.8200001
0.2,0.568
0.25,0.396
0.3333333,0.355
0.5,0.217
0.75,0.144
1,0.119
1.5,0.1
2,0.06500001
2.5,0.0376
