"TIME  [h]","CP [mg/l]"
0,0
0.025,3.49
0.06666667,1.95
0.1166667,1.56
0.15,1.19
0.2,1.08
0.25,0.789
0.3333333,0.632
0.5,0.365
0.75,0.26
1,0.179
1.5,0.12
2,0.105
2.5,0.06940001
3,0.0543
