"TIME  [h]","CP [mg/l]"
0,0
0.025,3.61
0.05,1.84
0.1,1.6
0.1333333,1.13
0.1666667,1.03
0.2166667,0.808
0.2666667,0.601
0.3333333,0.386
0.5,0.217
0.7666667,0.116
1.016667,0.118
1.683333,0.0615
