"TIME  [h]","CP [mg/l]"
0,0
0.025,5.23
0.05,2.89
0.08333334,2.23
0.1166667,1.98
0.15,1.33
0.2,1.02
0.25,0.947
0.3333333,0.474
0.5,0.39
0.75,0.383
1,0.324
1.5,0.137
