"TIME  [h]","CP [mg/l]"
0,0
0.025,6.37
0.08333334,2
0.1166667,1.47
0.1333333,1.41
0.1666667,1.06
0.2166667,0.604
0.2666667,0.714
0.3333333,0.574
0.5166667,0.314
0.75,0.272
1,0.146
1.5,0.0589
2.116667,0.0645
2.533333,0.035
