"TIME  [h]","CP [mg/l]"
0,0
0.025,4.22
0.06666667,1.99
0.1,2.17
0.1666667,0.811
0.2166667,0.742
0.25,0.456
0.3333333,0.316
0.5166667,0.182
0.7333333,0.117
0.9833333,0.104
1.533333,0.0538
1.983333,0.035
